skpdID,instansiID,kode,unitID,satker,nama,singkatan,alamat,telepon,email,isactive,isparent,isrup,created,createdip,createdby,updated,updatedip,updatedby
1,1,13,1.01.01.01,72006,Dinas Pendidikan,,Jl.A.Yani No. 239 Bandung,022 - 7106568,bep_bdg@yahoo.com,1,1,1,0000-00-00 00:00:00,,,0000-00-00 00:00:00,,
2,1,,1.01.01.02,72006,Bidang Pendidikan PAUD Dikmas,,,,,1,0,0,0000-00-00 00:00:00,,,0000-00-00 00:00:00,,
3,1,,1.01.01.03,72006,Bidang P3TK,,,,,1,0,0,0000-00-00 00:00:00,,,0000-00-00 00:00:00,,
4,1,,1.01.01.04,72006,Bidang PPSD,,,,,1,0,0,0000-00-00 00:00:00,,,0000-00-00 00:00:00,,
5,1,29,1.01.01.06,72006,Sekolah Menengah Pertama Negeri 1 Bandung ,DINAS PENDIDIKAN,Jl. Kesatriaan No. 12,022 - 6011429,-,1,0,0,0000-00-00 00:00:00,,,0000-00-00 00:00:00,,
6,1,47,1.01.01.07,72006,Sekolah Menengah Pertama Negeri 2 Bandung,DINAS PENDIDIKAN,JL. Sumatra No. 42 Bandung,022 - 4204155,smpn6@yahoo.co.id,1,0,0,0000-00-00 00:00:00,,,0000-00-00 00:00:00,,
7,1,96,1.01.01.08,72006,Sekolah Menengah Pertama Negeri 3 Bandung ,DINAS PENDIDIKAN,Jl. Raden Dewi Sartika No.96,022 - 5207378,smpn3bdg@yahoo.com,1,0,0,0000-00-00 00:00:00,,,0000-00-00 00:00:00,,
8,1,44,1.01.01.09,72006,Sekolah Menengah Pertama Negeri 4 Bandung  ,DINAS PENDIDIKAN,Jl. Samoja No. 5 Bandung,022 - 7312394,smpn4@yahoo.co.id,1,0,0,0000-00-00 00:00:00,,,0000-00-00 00:00:00,,
9,1,117,1.01.01.10,72006,Sekolah Menengah Pertama Negeri 5 Bandung,DINAS PENDIDIKAN,Jl. Sumatera No.40,022 - 4207121,,1,0,0,0000-00-00 00:00:00,,,0000-00-00 00:00:00,,
10,1,84,1.01.01.11,72006,Sekolah Menengah Pertama Negeri 6 Bandung ,DINAS PENDIDIKAN,Jl. H. Yakub No.36 Bandung,022 - 4203534,kandi_ken@yahoo.co.id,1,0,0,0000-00-00 00:00:00,,,0000-00-00 00:00:00,,
11,1,48,1.01.01.12,72006,Sekolah Menengah Pertama Negeri 7 Bandung,DINAS PENDIDIKAN,Jl. Ambon No.23 Bandung,022 - 4233470,smpn7@yahoo.co.id,1,0,0,0000-00-00 00:00:00,,,0000-00-00 00:00:00,,
12,1,118,1.01.01.13,72006,Sekolah Menengah Pertama Negeri 8 Bandung,DINAS PENDIDIKAN,Jl. Alun-Alun Utara No. 211 B,022 - 7800098,,1,0,0,0000-00-00 00:00:00,,,0000-00-00 00:00:00,,
13,1,83,1.01.01.14,72006,Sekolah Menengah Pertama Negeri 9 Bandung,DINAS PENDIDIKAN,Jl. Semar No.5 Bandung,022 - 6014886,smpsalapanbandung@yahoo.com,1,0,0,0000-00-00 00:00:00,,,0000-00-00 00:00:00,,
14,1,39,1.01.01.15,72006,Sekolah Menengah Pertama Negeri 10 Bandung ,DINAS PENDIDIKAN,Jl. Rd. Dewi Sartika 115 Bandung,022 - 5210133,smpn10@yahoo.co.id,1,0,0,0000-00-00 00:00:00,,,0000-00-00 00:00:00,,
15,1,42,1.01.01.16,72006,Sekolah Menengah Pertama Negeri 11 Bandung,DINAS PENDIDIKAN,Jl. H.Samsudin No.34 Bandung,022 - 5200816,admin@smpnegeri11bandung.org ,1,0,0,0000-00-00 00:00:00,,,0000-00-00 00:00:00,,
16,1,99,1.01.01.17,72006,Sekolah Menengah Pertama Negeri 12 Bandung ,DINAS PENDIDIKAN,Jl. Dr. Setiabudhi No. 195 ,022 - 2013947 ,smpn12bdg@yahoo.com,1,0,0,0000-00-00 00:00:00,,,0000-00-00 00:00:00,,
17,1,119,1.01.01.18,72006,Sekolah Menengah Pertama Negeri 13 Bandung,DINAS PENDIDIKAN,Jl. Mutiara No.15 ,022 - 7305062 ,,1,0,0,0000-00-00 00:00:00,,,0000-00-00 00:00:00,,
18,1,102,1.01.01.19,72006,Sekolah Menengah Pertama Negeri 14 Bandung ,DINAS PENDIDIKAN,Jl. Lapangan Supratman No. 8,022 - 7272064,smpn14@yahoo.com,1,0,0,0000-00-00 00:00:00,,,0000-00-00 00:00:00,,
19,1,97,1.01.01.20,72006,Sekolah Menengah Pertama Negeri 15 Bandung  ,DINAS PENDIDIKAN,Jl. Setiabudi No. 89 ,022 - 2034914 ,smpn15bdg@yahoo.com,1,0,0,0000-00-00 00:00:00,,,0000-00-00 00:00:00,,
20,1,103,1.01.01.21,72006,Sekolah Menengah Pertama Negeri 16 Bandung ,DINAS PENDIDIKAN,Jl. P.H.H. Mustofa No. 53,022 - 7275281,smpn16@yahoo.com,1,0,0,0000-00-00 00:00:00,,,0000-00-00 00:00:00,,
21,1,120,1.01.01.22,72006,Sekolah Menengah Pertama Negeri 17 Bandung,DINAS PENDIDIKAN,Jl. Pacuan Kuda Arcamanik,022 - 7275986 ,,1,0,0,0000-00-00 00:00:00,,,0000-00-00 00:00:00,,
22,1,49,1.01.01.23,72006,Sekolah Menengah Pertama Negeri 18 Bandung  ,DINAS PENDIDIKAN,JL. Kiaracondong Bandung ,022 - 7566331,smpn18@yahoo.co.id,1,0,0,0000-00-00 00:00:00,,,0000-00-00 00:00:00,,
23,1,50,1.01.01.24,72006,Sekolah Menengah Pertama Negeri 19 Bandung  ,DINAS PENDIDIKAN,JL. Sadang Luhur XI Bandung,022 - 2500657,smpn19@yahoo.co.id,1,0,0,0000-00-00 00:00:00,,,0000-00-00 00:00:00,,
24,1,104,1.01.01.25,72006,Sekolah Menengah Pertama Negeri 20 Bandung ,DINAS PENDIDIKAN,"Jl. Centeh No, 5",022 - 7302884,smpn20@yahoo.com,1,0,0,0000-00-00 00:00:00,,,0000-00-00 00:00:00,,
25,1,121,1.01.01.26,72006,Sekolah Menengah Pertama Negeri 21 Bandung,DINAS PENDIDIKAN,Jl. Caringin Gg. Lumbung II ,022-5402000 ,,1,0,0,0000-00-00 00:00:00,,,0000-00-00 00:00:00,,
26,1,105,1.01.01.27,72006,Sekolah Menengah Pertama Negeri 22 Bandung ,DINAS PENDIDIKAN,Jl. Supratman No. 24,022-7271182,smpn22@yahoo.com,1,0,0,0000-00-00 00:00:00,,,0000-00-00 00:00:00,,
27,1,106,1.01.01.28,72006,Sekolah Menengah Pertama Negeri 23 Bandung ,DINAS PENDIDIKAN,Jl. Arjuna No. 22,022-6011128,smpn23@yahoo.com,1,0,0,0000-00-00 00:00:00,,,0000-00-00 00:00:00,,
28,1,94,1.01.01.29,72006,Sekolah Menengah Pertama Negeri 24 Bandung,DINAS PENDIDIKAN,Jl. Sukamulya No.33 Babakan Ciparay,022-6015090,smpn24bdg@yahoo.com,1,0,0,0000-00-00 00:00:00,,,0000-00-00 00:00:00,,
29,1,107,1.01.01.30,72006,Sekolah Menengah Pertama Negeri 25 Bandung ,DINAS PENDIDIKAN,Jl. Kelenteng No. 5,022-6010873,smpn25@yahoo.com,1,0,0,0000-00-00 00:00:00,,,0000-00-00 00:00:00,,
30,1,91,1.01.01.31,72006,Sekolah Menengah Pertama Negeri 26 Bandung  ,DINAS PENDIDIKAN,Jl. Sarimanah Blok 23 Sarijadi Bandung,022-2012277 ,smpnegeri26bandung@gmail.com,1,0,0,0000-00-00 00:00:00,,,0000-00-00 00:00:00,,
31,1,122,1.01.01.32,72006,Sekolah Menengah Pertama Negeri 27 Bandung,DINAS PENDIDIKAN,Jl. Yudhawastu Pramuka I ,022-7101246 ,,1,0,0,0000-00-00 00:00:00,,,0000-00-00 00:00:00,,
32,1,88,1.01.01.33,72006,Sekolah Menengah Pertama Negeri 28 Bandung,DINAS PENDIDIKAN,Jl. Solontongan II Bandung,022 7304544,smpnegeri28bdg@yahoo.co.id,1,0,0,0000-00-00 00:00:00,,,0000-00-00 00:00:00,,
33,1,108,1.01.01.34,72006,Sekolah Menengah Pertama Negeri 29 Bandung ,DINAS PENDIDIKAN,Jl. Geger Arum No. 11 A,022-2012579,smpn29@yahoo.com,1,0,0,0000-00-00 00:00:00,,,0000-00-00 00:00:00,,
34,1,95,1.01.01.35,72006,Sekolah Menengah Pertama Negeri 30 Bandung ,DINAS PENDIDIKAN,Jl. Sekejati No. 23 Bandung,022-7305150,smpn30bdg@yahoo.com,1,0,0,0000-00-00 00:00:00,,,0000-00-00 00:00:00,,
35,1,109,1.01.01.36,72006,Sekolah Menengah Pertama Negeri 31 Bandung ,DINAS PENDIDIKAN,Jl. Binong Jati No. 139,022-7305161,smpn31@yahoo.com,1,0,0,0000-00-00 00:00:00,,,0000-00-00 00:00:00,,
36,1,100,1.01.01.37,72006,Sekolah Menengah Pertama Negeri 32 Bandung,DINAS PENDIDIKAN,Jl. Arjuna No. 18 Bandung,(022) 6072410,smpn3@bandung.go.id,1,0,0,0000-00-00 00:00:00,,,0000-00-00 00:00:00,,
37,1,110,1.01.01.38,72006,Sekolah Menengah Pertama Negeri 33 Bandung ,DINAS PENDIDIKAN,Jl. Babakan Tarogong,022-6035940,smpn33@yahoo.com,1,0,0,0000-00-00 00:00:00,,,0000-00-00 00:00:00,,
38,1,123,1.01.01.39,72006,Sekolah Menengah Pertama Negeri 34 Bandung,DINAS PENDIDIKAN,Jl. Waas Soekarno Hatta ,022-7565790 ,,1,0,0,0000-00-00 00:00:00,,,0000-00-00 00:00:00,,
39,1,111,1.01.01.40,72006,Sekolah Menengah Pertama Negeri 35 Bandung ,DINAS PENDIDIKAN,Jl. Dago Pojok No. 756,022-6078507,smpn35@yahoo.com,1,0,0,0000-00-00 00:00:00,,,0000-00-00 00:00:00,,
40,1,93,1.01.01.41,72006,Sekolah Menengah Pertama Negeri 36 Bandung ,DINAS PENDIDIKAN,Jl. Caringin ,022-6078507,infosmpn36_bandung@yahoo.com,1,0,0,0000-00-00 00:00:00,,,0000-00-00 00:00:00,,
41,1,112,1.01.01.42,72006,Sekolah Menengah Pertama Negeri 37 Bandung ,DINAS PENDIDIKAN,Jl. Babakan Sari I Kiaracondong,022-7101104,smpn37@yahoo.com,1,0,0,0000-00-00 00:00:00,,,0000-00-00 00:00:00,,
42,1,116,1.01.01.43,72006,Sekolah Menengah Pertama Negeri 38 Bandung,DINAS PENDIDIKAN,Jl. Borobudur Cibaduyut RT 03 RW 04 ,022 -5408978 ,smpn_38@yahoo.com,1,0,0,0000-00-00 00:00:00,,,0000-00-00 00:00:00,,
43,1,43,1.01.01.44,72006,Sekolah Menengah Pertama Negeri 39 Bandung ,DINAS PENDIDIKAN,Jl. Holis No.439 ,022-5406684 ,smpn39@yahoo.co.id,1,0,0,0000-00-00 00:00:00,,,0000-00-00 00:00:00,,
44,1,51,1.01.01.45,72006,Sekolah Menengah Pertama Negeri 40 Bandung ,DINAS PENDIDIKAN,Jl. Wastukencana No. 75 A ,022-4239058 ,email@yahoo.com,1,0,0,0000-00-00 00:00:00,,,0000-00-00 00:00:00,,
45,1,85,1.01.01.46,72006,Sekolah Menengah Pertama Negeri 41 Bandung ,DINAS PENDIDIKAN,Jl. Arjuna No.18 Bandung,022-6015864,smpn41bdg@yahoo.com,1,0,0,0000-00-00 00:00:00,,,0000-00-00 00:00:00,,
46,1,87,1.01.01.47,72006,Sekolah Menengah Pertama Negeri 42 Bandung  ,DINAS PENDIDIKAN,JL. Manjah Lega Margacinta Bandung,022-7565864 ,smpnegeri42bdg@yahoo.co.id,1,0,0,0000-00-00 00:00:00,,,0000-00-00 00:00:00,,
47,1,82,1.01.01.48,72006,Sekolah Menengah Pertama Negeri 43 Bandung,DINAS PENDIDIKAN,Jl. Kautamaan Istri No.31,022-4234863,smpn43bdg@yahoo.com,1,0,0,0000-00-00 00:00:00,,,0000-00-00 00:00:00,,
48,1,113,1.01.01.49,72006,Sekolah Menengah Pertama Negeri 44 Bandung ,DINAS PENDIDIKAN,Jl. Cimanuk No. 1,022-4205409,smpn44@yahoo.com,1,0,0,0000-00-00 00:00:00,,,0000-00-00 00:00:00,,
49,1,92,1.01.01.50,72006,Sekolah Menengah Pertama Negeri 45 Bandung ,DINAS PENDIDIKAN,Jl. Yogyakarta No. 1 Bandung,022-7277721,smpn45bdg@yahoo.com,1,0,0,0000-00-00 00:00:00,,,0000-00-00 00:00:00,,
50,1,114,1.01.01.51,72006,Sekolah Menengah Pertama Negeri 46 Bandung ,DINAS PENDIDIKAN,Jl. Cigagak Cibiru,022-7807214,smpn46@yahoo.com,1,0,0,0000-00-00 00:00:00,,,0000-00-00 00:00:00,,
51,1,89,1.01.01.52,72006,Sekolah Menengah Pertama Negeri 47 Bandung ,DINAS PENDIDIKAN,Jl. Budi Cilember,022-6652284 ,smpnegeri47bdg@yahoo.co.id,1,0,0,0000-00-00 00:00:00,,,0000-00-00 00:00:00,,
52,1,98,1.01.01.53,72006,Sekolah Menengah Pertama Negeri 48 Bandung ,DINAS PENDIDIKAN,Jl. Baturaden VIII No.19,022-7560480 ,smpn48bdg@yahoo.com,1,0,0,0000-00-00 00:00:00,,,0000-00-00 00:00:00,,
53,1,52,1.01.01.54,72006,Sekolah Menengah Pertama Negeri 49 Bandung ,DINAS PENDIDIKAN,Jl. Antapani No. 58 ,022-7275285 ,email@yahoo.com,1,0,0,0000-00-00 00:00:00,,,0000-00-00 00:00:00,,
54,1,124,1.01.01.55,72006,Sekolah Menengah Pertama Negeri 50 Bandung,DINAS PENDIDIKAN,Jl. Pasirjati No. 12 ,022-7800874 ,,1,0,0,0000-00-00 00:00:00,,,0000-00-00 00:00:00,,
55,1,90,1.01.01.56,72006,Sekolah Menengah Pertama Negeri 51 Bandung ,DINAS PENDIDIKAN,Jl. Derwati Rancasari,022-7563831,smpn51@yahoo.com,1,0,0,0000-00-00 00:00:00,,,0000-00-00 00:00:00,,
56,1,86,1.01.01.57,72006,Sekolah Menengah Pertama Negeri 52 Bandung  ,DINAS PENDIDIKAN,Jl. Bukit Raya Ciumbuleuit Kec. Cidadap,022-2034769,smpnegeri52bdg@yahoo.co.id,1,0,0,0000-00-00 00:00:00,,,0000-00-00 00:00:00,,
57,1,125,1.01.01.58,72006,Sekolah Menengah Atas Negeri 27 Bandung,DINAS PENDIDIKAN,Jl. Raya Utsman Bin Affan No. 1 ,022 - 7838362,,1,0,0,0000-00-00 00:00:00,,,0000-00-00 00:00:00,,
58,1,115,1.01.01.59,72006,Sekolah Menengah Pertama Negeri 53 Bandung ,DINAS PENDIDIKAN,JL. Arcamanik No. 10 Sindanglaya,022-7272064,smpn53@yahoo.com,1,0,0,0000-00-00 00:00:00,,,0000-00-00 00:00:00,,
59,1,,1.01.01.60,72006,Sekolah Menengah Pertama Negeri 54 Bandung,DINAS PENDIDIKAN,Jl. Raya Utsman Bin Affan ,,,1,0,0,0000-00-00 00:00:00,,,0000-00-00 00:00:00,,
60,1,,1.02.01.01,72005,Dinas Kesehatan,,Jl. Supratman No.73 Bandung,"022-4203752, 7202210",,1,1,1,0000-00-00 00:00:00,,,0000-00-00 00:00:00,,
61,1,,1.02.01.02,72005,UPT PKM Garuda,DINAS KESEHATAN,Jl. Dadali No.6,,,1,0,0,0000-00-00 00:00:00,,,0000-00-00 00:00:00,,
62,1,,1.02.01.03,72005,UPT PKM Pasir Kaliki,DINAS KESEHATAN,Jl. Pasirkaliki No.188,,,1,0,0,0000-00-00 00:00:00,,,0000-00-00 00:00:00,,
63,1,,1.02.01.04,72005,UPT PKM Sukajadi,DINAS KESEHATAN,Jl. Sukagalih No.26,,,1,0,0,0000-00-00 00:00:00,,,0000-00-00 00:00:00,,
64,1,,1.02.01.05,72005,UPT PKM Sukarasa,DINAS KESEHATAN,Jl. Gegerkalong Hilir,,,1,0,0,0000-00-00 00:00:00,,,0000-00-00 00:00:00,,
65,1,,1.02.01.06,72005,UPT PKM Neglasari,DINAS KESEHATAN,Jl. Cikutra No.275 C,,,1,0,0,0000-00-00 00:00:00,,,0000-00-00 00:00:00,,
66,1,,1.02.01.07,72005,UPT PKM Ciumbuleuit,DINAS KESEHATAN,,,,1,0,0,0000-00-00 00:00:00,,,0000-00-00 00:00:00,,
67,1,,1.02.01.08,72005,UPT PKM Padasuka,DINAS KESEHATAN,,,,1,0,0,0000-00-00 00:00:00,,,0000-00-00 00:00:00,,
68,1,,1.02.01.09,72005,UPT PKM Puter,DINAS KESEHATAN,,,,1,0,0,0000-00-00 00:00:00,,,0000-00-00 00:00:00,,
69,1,,1.02.01.10,72005,UPT PKM Salam,DINAS KESEHATAN,,,,1,0,0,0000-00-00 00:00:00,,,0000-00-00 00:00:00,,
70,1,,1.02.01.11,72005,UPT PKM Tamblong,DINAS KESEHATAN,,,,1,0,0,0000-00-00 00:00:00,,,0000-00-00 00:00:00,,
71,1,,1.02.01.12,72005,UPT PKM Babakan Sari,DINAS KESEHATAN,,,,1,0,0,0000-00-00 00:00:00,,,0000-00-00 00:00:00,,
72,1,,1.02.01.13,72005,UPT PKM Ibrahim Adjie,DINAS KESEHATAN,,,,1,0,0,0000-00-00 00:00:00,,,0000-00-00 00:00:00,,
73,1,,1.02.01.14,72005,UPT PKM Pasundan,DINAS KESEHATAN,,,,1,0,0,0000-00-00 00:00:00,,,0000-00-00 00:00:00,,
74,1,,1.02.01.15,72005,UPT PKM Talaga Bodas,DINAS KESEHATAN,,,,1,0,0,0000-00-00 00:00:00,,,0000-00-00 00:00:00,,
75,1,,1.02.01.16,72005,UPT PKM Caringin,DINAS KESEHATAN,,,,1,0,0,0000-00-00 00:00:00,,,0000-00-00 00:00:00,,
76,1,,1.02.01.17,72005,UPT PKM Citarip,DINAS KESEHATAN,,,,1,0,0,0000-00-00 00:00:00,,,0000-00-00 00:00:00,,
77,1,,1.02.01.18,72005,UPT PKM Cibuntu,DINAS KESEHATAN,,,,1,0,0,0000-00-00 00:00:00,,,0000-00-00 00:00:00,,
78,1,,1.02.01.19,72005,UPT PKM Kopo,DINAS KESEHATAN,,,,1,0,0,0000-00-00 00:00:00,,,0000-00-00 00:00:00,,
79,1,,1.02.01.20,72005,UPT PKM Pagarsih,DINAS KESEHATAN,,,,1,0,0,0000-00-00 00:00:00,,,0000-00-00 00:00:00,,
80,1,,1.02.01.21,72005,UPT PKM Kujang Sari,DINAS KESEHATAN,,,,1,0,0,0000-00-00 00:00:00,,,0000-00-00 00:00:00,,
81,1,,1.02.01.22,72005,UPT PKM Cipamokolan,DINAS KESEHATAN,,,,1,0,0,0000-00-00 00:00:00,,,0000-00-00 00:00:00,,
82,1,,1.02.01.23,72005,UPT PKM Margahayu Raya,DINAS KESEHATAN,,,,1,0,0,0000-00-00 00:00:00,,,0000-00-00 00:00:00,,
83,1,,1.02.01.24,72005,UPT PKM Panghegar,DINAS KESEHATAN,,,,1,0,0,0000-00-00 00:00:00,,,0000-00-00 00:00:00,,
84,1,,1.02.01.25,72005,UPT PKM Riung Bandung,DINAS KESEHATAN,,,,1,0,0,0000-00-00 00:00:00,,,0000-00-00 00:00:00,,
85,1,,1.02.01.26,72005,UPT PKM Ujung Berung Indah,DINAS KESEHATAN,,,,1,0,0,0000-00-00 00:00:00,,,0000-00-00 00:00:00,,
86,1,,1.02.01.27,72005,UPT PKM Cibiru,DINAS KESEHATAN,,,,1,0,0,0000-00-00 00:00:00,,,0000-00-00 00:00:00,,
87,1,,1.02.01.28,72005,UPT PKM Sindang Jaya,DINAS KESEHATAN,,,,1,0,0,0000-00-00 00:00:00,,,0000-00-00 00:00:00,,
88,1,,1.02.01.29,72005,UPT PKM Griya Antapani,DINAS KESEHATAN,,,,1,0,0,0000-00-00 00:00:00,,,0000-00-00 00:00:00,,
89,1,,1.02.01.30,72005,UPT PKM Cinambo,DINAS KESEHATAN,,,,1,0,0,0000-00-00 00:00:00,,,0000-00-00 00:00:00,,
90,1,,1.02.01.31,72005,UPT PKM Arcamanik,DINAS KESEHATAN,,,,1,0,0,0000-00-00 00:00:00,,,0000-00-00 00:00:00,,
91,1,30,1.02.02.01,72010,Rumah Sakit Umum Daerah Kota Bandung,,Jl. Rumah Sakit No. 22 Ujung Berung Bandung,022 - 7811794,bep_bdg@yahoo.com,1,1,1,2008-00-00 00:00:00,127.0.0.1,root,2009-00-00 00:00:00,127.0.0.1,root
92,1,,1.02.02.02,72010,Rumah Sakit Umum Daerah Kota Bandung,,Jl. Rumah Sakit No. 22 Ujung Berung Bandung,022 - 7811794,,1,0,0,2016-00-00 00:00:00,127.0.0.1,root,2016-00-00 00:00:00,127.0.0.1,root
93,1,31,1.02.03.01,72008,Rumah Sakit Khusus Ibu dan Anak,,Jl. Astana Anyar No. 224 Bandung,022 - 5201139,bep_bdg@yahoo.com,1,1,1,2008-00-00 00:00:00,127.0.0.1,root,2009-00-00 00:00:00,127.0.0.1,root
94,1,,1.02.03.02,72008,Rumah Sakit Khusus Ibu dan Anak,,Jl. Astana Anyar No. 224 Bandung,022 - 5201139,bep_bdg@yahoo.com,1,0,0,2016-00-00 00:00:00,127.0.0.1,root,2016-00-00 00:00:00,127.0.0.1,root
95,1,32,1.02.04.01,72007,Rumah Sakit Khusus Gigi dan Mulut,,Jl. LL.R.E Martadinata No.45 Bandung,022 - 4234058,bep_bdg@yahoo.com,1,1,1,2008-00-00 00:00:00,127.0.0.1,root,2009-00-00 00:00:00,127.0.0.1,root
96,1,,1.02.04.02,72007,Rumah Sakit Khusus Gigi dan Mulut,,Jl. LL.R.E Martadinata No.45 Bandung,022 - 4234058,bep_bdg@yahoo.com,1,0,0,2016-00-00 00:00:00,127.0.0.1,root,2016-00-00 00:00:00,127.0.0.1,root
97,1,,1.03.01.01,102517,Dinas Pekerjaan Umum,,Jl. Cianjur No. 34 Bandung,,,1,1,1,0000-00-00 00:00:00,,,0000-00-00 00:00:00,,
98,1,,2.01.01.01,71991,Dinas Tenaga Kerja,,Jl. RAA. Martanegara No. 4 Bandung            ,"022 - 7311330, 7313130",,1,1,1,0000-00-00 00:00:00,,,0000-00-00 00:00:00,,
99,1,,1.05.02.01,102510,Dinas Kebakaran Dan Penanggulangan Bencana,,Jl. Sukabumi No.17 Bandung,022 - 7207113,bep_bdg@yahoo.com,1,1,1,0000-00-00 00:00:00,,,0000-00-00 00:00:00,,
100,1,0,1.04.01.01,102472,Dinas Perumahan Dan Kawasan Permukiman Pertanahan Dan Pertamanan,,Jl. Caringin No. 103 Bandung,022 - 5410403,taman@gmail.com,1,1,1,0000-00-00 00:00:00,,,2017-00-00 00:00:00,114.121.240.227,1
101,1,,1.03.02.01,102460,Dinas Penataan Ruang,,Jl. Cianjur No. 34 Bandung,022 - 7217451,bep_bdg@yahoo.com,1,1,1,0000-00-00 00:00:00,,,0000-00-00 00:00:00,,
102,1,,4.01.01.01,102468,Badan Perencanaan Pembangunan Penelitian Dan Pengembangan,,Jl. Aceh No. 36 Bandung,"022-2500950, 2501233, 2501316",bep_bdg@yahoo.com,1,1,1,0000-00-00 00:00:00,,,0000-00-00 00:00:00,,
103,1,,2.09.01.01,71996,Dinas Perhubungan,,Jl. Soekarno Hatta No. 205 ,022 5220768,bep_bdg@yahoo.com,1,1,1,0000-00-00 00:00:00,,,0000-00-00 00:00:00,,
104,1,,2.05.01.01,102513,Dinas Lingkungan Hidup Dan Kebersihan,,Jl. Sadang tengah no 4 & 6 Sadang Serang Bandung,022 - 2514327,,1,1,1,0000-00-00 00:00:00,,,0000-00-00 00:00:00,,
105,1,,2.06.01.01,71994,Dinas Kependudukan Dan Pencatatan Sipil,,Jl. Ambon No.1 Bandung,022 - 4209891,bep_bdg@yahoo.com,1,1,1,0000-00-00 00:00:00,,,0000-00-00 00:00:00,,
106,1,,2.08.01.01,102512,Dinas Pengendalian Penduduk Dan Keluarga Berencana,,Jl. Maskumambang No 4 Bandung,,,1,1,1,0000-00-00 00:00:00,,,0000-00-00 00:00:00,,
107,1,,2.02.01.01,102501,Dinas Pemberdayaan Perempuan Perlindungan Anak Dan Pemberdayaan Masyarakat,,Jl. Seram No. 2  Bandung,022 - 4231921,,1,1,1,0000-00-00 00:00:00,,,0000-00-00 00:00:00,,
108,1,,1.06.01.01,102508,Dinas Sosial Dan Penanggulangan Kemiskinan,,Jl. Sindang Sirna No. 40 Bandung            ,022 - 2013139,bep_bdg@yahoo.com,1,1,1,2008-00-00 00:00:00,127.0.0.1,root,0000-00-00 00:00:00,,
109,1,,2.11.01.01,102511,Dinas Koperasi Usaha Mikro Kecil Dan Menengah,,Jl. Kawaluyaan No. 2 Bandung,022 - 7308358,,1,1,1,0000-00-00 00:00:00,,,0000-00-00 00:00:00,,
110,1,,3.06.01.01,102514,Dinas Perdagangan Dan Perindustrian,,Jl. Kawaluyaan No. 2 Bandung,022 - 7308358,,1,1,1,0000-00-00 00:00:00,,,0000-00-00 00:00:00,,
111,1,,2.12.01.01,102506,Dinas Penanaman Modal Dan Pelayanan Terpadu Satu Pintu,,Jl. Cianjur No. 34 Bandung,022-7217487,,1,1,1,0000-00-00 00:00:00,,,0000-00-00 00:00:00,,
112,1,,2.13.01.01,71984,Dinas Pemuda Dan Olah Raga,,Jl. Taman Sari No. 76 Bandung         ,022-2500950,bep_bdg@yahoo.com,1,1,1,0000-00-00 00:00:00,,,0000-00-00 00:00:00,,
113,1,,4.05.06.01,102474,Badan Kesatuan Bangsa Dan Politik,,Jl. Wastukancana No. 2 Bandung,022-4230393,bep_bdg@yahoo.com,1,1,1,0000-00-00 00:00:00,,,0000-00-00 00:00:00,,
114,1,,1.05.01.01,72012,Satuan Polisi Pamong Praja,S A T P O L   P P,Jl. RE. Martanegara No. 4 Bandung,-,bep_bdg@yahoo.com,1,1,1,0000-00-00 00:00:00,,,0000-00-00 00:00:00,,
115,1,,4.05.02.02,102498,Bagian Pemerintahan,SEKRETARIAT DAERAH,Jl. Wastukancana No. 2 Bandung,,,1,0,1,0000-00-00 00:00:00,,,0000-00-00 00:00:00,,
116,1,,4.05.02.09,72036,Bagian Organisasi Dan Pemberdayaan Aparatur Daerah,SEKRETARIAT DAERAH,Jl. Wastukancana No. 2 Bandung,022-4234635,bep_bdg@yahoo.com,1,0,1,0000-00-00 00:00:00,,,0000-00-00 00:00:00,,
117,1,,4.05.02.07,102480,Bagian Program Desain Dan Kualitas Pembangunan,SEKRETARIAT DAERAH,Jl. Wastukancana No. 2 Bandung,,,1,0,1,0000-00-00 00:00:00,,,0000-00-00 00:00:00,,
118,1,,4.05.02.10,102465,Bagian Tata Usaha Pimpinan,SEKRETARIAT DAERAH,Jl. Wastukancana No. 2 Bandung,,,1,0,1,0000-00-00 00:00:00,,,0000-00-00 00:00:00,,
119,1,,4.05.02.11,102483,Bagian Umum,SEKRETARIAT DAERAH,Jl. Wastukancana No. 2 Bandung,,,1,0,1,0000-00-00 00:00:00,,,0000-00-00 00:00:00,,
120,1,,4.05.02.04,102462,Bagian Hukum,SEKRETARIAT DAERAH,Jl. Wastukancana No. 2 Bandung,,,1,0,1,0000-00-00 00:00:00,,,0000-00-00 00:00:00,,
121,1,,4.05.02.12,102515,Bagian Humas,SEKRETARIAT DAERAH,Jl. Wastukancana No. 2 Bandung,,,1,0,1,0000-00-00 00:00:00,,,0000-00-00 00:00:00,,
122,1,,4.05.02.06,72035,Bagian Perekonomian,SEKRETARIAT DAERAH,Jl. Wastukancana No. 2 Bandung,022 - 4235180,bep_bdg@yahoo.com,1,0,1,0000-00-00 00:00:00,,,0000-00-00 00:00:00,,
123,1,38,4.05.02.03,72031,Bagian Kesejahteraan Rakyat Dan Kemasyarakatan,SEKRETARIAT DAERAH,Jl. Wastukancana No. 2 Bandung,022 - 4234889,bep_bdg@yahoo.com,1,0,1,0000-00-00 00:00:00,,,0000-00-00 00:00:00,,
124,1,,4.05.02.08,102516,Bagian Layanan Pengadaan,SEKRETARIAT DAERAH,Jl. Wastukancana No. 2 Bandung,,,1,0,1,0000-00-00 00:00:00,,,0000-00-00 00:00:00,,
125,1,,4.05.02.01,102505,Sekretariat Daerah,,Jl. Wastukancana No. 2 Bandung,,,1,1,1,0000-00-00 00:00:00,,,0000-00-00 00:00:00,,
126,1,,4.05.02.05,72208,Bagian Kerjasama,SEKRETARIAT DAERAH,Jl. Wastukancana No. 2 Bandung,-,-,1,0,1,0000-00-00 00:00:00,,,0000-00-00 00:00:00,,
127,1,,4.05.04.01,72044,Sekretariat DPRD,,Jl. Sukabumi No. 30 Bandung                   ,022 - 4203456,bep_bdg@yahoo.com,1,1,1,0000-00-00 00:00:00,,,0000-00-00 00:00:00,,
128,1,,4.02.01.01,102507,Badan Pengelolaan Keuangan Dan Aset,,Jl. Wastukancana No. 2 Bandung,,,1,1,1,0000-00-00 00:00:00,,,0000-00-00 00:00:00,,
129,1,4,4.05.05.01,102486,Inspektorat Daerah,,Jl. Tera No. 20 Bandung,022-4241862,bep_bdg@yahoo.com,1,1,1,2008-00-00 00:00:00,127.0.0.1,root,2013-00-00 00:00:00,118.96.207.103,5
130,1,,4.02.03.01,102491,Badan Pengelolaan Pendapatan Daerah,,Jl. Wastukancana No. 2 Bandung,,,1,1,1,0000-00-00 00:00:00,,,0000-00-00 00:00:00,,
131,1,,4.03.01.01,102503,Badan Kepegawaian Pendidikan Dan Pelatihan,BKPP,Jl. Wastukancana No. 2 Bandung,-,bep_bdg@yahoo.com,1,1,1,0000-00-00 00:00:00,,,0000-00-00 00:00:00,,
132,1,51,4.05.07.01,71983,Kecamatan Sukasari,,Jl. Gegerkalong Hilir No. 155 Bandung      ,022 - 2012906,kecsukasari@yahoo.com,1,1,1,2009-00-00 00:00:00,127.0.0.1,root,0000-00-00 00:00:00,,
133,1,,4.05.07.02,71983,Kelurahan Sukarasa,KECAMATAN SUKASARI,,,,1,0,0,2016-00-00 00:00:00,127.0.0.1,root,0000-00-00 00:00:00,,
134,1,,4.05.07.03,71983,Kelurahan Gegerkalong,KECAMATAN SUKASARI,,,,1,0,0,2016-00-00 00:00:00,127.0.0.1,root,0000-00-00 00:00:00,,
135,1,,4.05.07.04,71983,Kelurahan Isola,KECAMATAN SUKASARI,,,,1,0,0,2016-00-00 00:00:00,127.0.0.1,root,0000-00-00 00:00:00,,
136,1,,4.05.07.05,71983,Kelurahan Sarijadi,KECAMATAN SUKASARI,,,,1,0,0,2016-00-00 00:00:00,127.0.0.1,root,0000-00-00 00:00:00,,
137,1,55,4.05.08.01,71976,Kecamatan Cidadap,,Jl. Hegarmanah Tengah No.1 Bandung      ,(022)2032291,kec.cdd[at]bandung.go.id,1,1,1,2009-00-00 00:00:00,127.0.0.1,root,0000-00-00 00:00:00,,
138,1,,4.05.08.02,71976,Kelurahan Hegarmanah,KECAMATAN CIDADAP,,,,1,0,0,2016-00-00 00:00:00,127.0.0.1,root,0000-00-00 00:00:00,,
139,1,,4.05.08.03,71976,Kelurahan Ciumbuleuit,KECAMATAN CIDADAP,,,,1,0,0,2016-00-00 00:00:00,127.0.0.1,root,0000-00-00 00:00:00,,
140,1,,4.05.08.04,71976,Kelurahan Ledeng,KECAMATAN CIDADAP,,,,1,0,0,2016-00-00 00:00:00,127.0.0.1,root,0000-00-00 00:00:00,,
141,1,52,4.05.09.01,71977,Kecamatan Sukajadi,,Jl. Sukamulya No.4 Bandung,022 - 2015736,kecsukajadi@yahoo.com,1,1,1,2009-00-00 00:00:00,127.0.0.1,root,0000-00-00 00:00:00,,
142,1,,4.05.09.02,71977,Kelurahan Pasteur,KECAMATAN SUKAJADI,,,,1,0,0,2016-00-00 00:00:00,127.0.0.1,root,0000-00-00 00:00:00,,
143,1,,4.05.09.03,71977,Kelurahan Cipedes,KECAMATAN SUKAJADI,,,,1,0,0,2016-00-00 00:00:00,127.0.0.1,root,0000-00-00 00:00:00,,
144,1,,4.05.09.04,71977,Kelurahan Sukawarna,KECAMATAN SUKAJADI,,,,1,0,0,2016-00-00 00:00:00,127.0.0.1,root,0000-00-00 00:00:00,,
145,1,,4.05.09.05,71977,Kelurahan Sukagalih,KECAMATAN SUKAJADI,,,,1,0,0,2016-00-00 00:00:00,127.0.0.1,root,0000-00-00 00:00:00,,
146,1,,4.05.09.06,71977,Kelurahan Sukabungah,KECAMATAN SUKAJADI,,,,1,0,0,2016-00-00 00:00:00,127.0.0.1,root,0000-00-00 00:00:00,,
147,1,53,4.05.10.01,71978,Kecamatan Cicendo,,Jl. Purabaya No.1 Bandung,022 - 6015411,keccicendo@yahoo.com,1,1,1,2009-00-00 00:00:00,127.0.0.1,root,0000-00-00 00:00:00,,
148,1,,4.05.10.02,71978,Kelurahan Husen Sastranegara,KECAMATAN CICENDO,,,,1,0,0,2016-00-00 00:00:00,127.0.0.1,root,0000-00-00 00:00:00,,
149,1,,4.05.10.03,71978,Kelurahan Arjuna,KECAMATAN CICENDO,,,,1,0,0,2016-00-00 00:00:00,127.0.0.1,root,0000-00-00 00:00:00,,
150,1,,4.05.10.04,71978,Kelurahan Pajajaran,KECAMATAN CICENDO,,,,1,0,0,2016-00-00 00:00:00,127.0.0.1,root,0000-00-00 00:00:00,,
151,1,,4.05.10.05,71978,Kelurahan Pasir Kaliki,KECAMATAN CICENDO,,,,1,0,0,2016-00-00 00:00:00,127.0.0.1,root,0000-00-00 00:00:00,,
152,1,,4.05.10.06,71978,Kelurahan Pamoyanan,KECAMATAN CICENDO,,,,1,0,0,2016-00-00 00:00:00,127.0.0.1,root,0000-00-00 00:00:00,,
153,1,,4.05.10.07,71978,Kelurahan Sukaraja,KECAMATAN CICENDO,,,,1,0,0,2016-00-00 00:00:00,127.0.0.1,root,0000-00-00 00:00:00,,
154,1,54,4.05.11.01,71979,Kecamatan Andir,,Jl. Srigunting Raya No.1 Bandung,022-6011304,kecandir@yahoo.com,1,1,1,2009-00-00 00:00:00,127.0.0.1,root,0000-00-00 00:00:00,,
155,1,,4.05.11.02,71979,Kelurahan Maleber,KECAMATAN ANDIR,,,,1,0,0,2016-00-00 00:00:00,127.0.0.1,root,0000-00-00 00:00:00,,
156,1,,4.05.11.03,71979,Kelurahan Dungus Cariang,KECAMATAN ANDIR,,,,1,0,0,2016-00-00 00:00:00,127.0.0.1,root,0000-00-00 00:00:00,,
157,1,,4.05.11.04,71979,Kelurahan Ciroyom,KECAMATAN ANDIR,,,,1,0,0,2016-00-00 00:00:00,127.0.0.1,root,0000-00-00 00:00:00,,
158,1,,4.05.11.05,71979,Kelurahan Kebon Jeruk,KECAMATAN ANDIR,,,,1,0,0,2016-00-00 00:00:00,127.0.0.1,root,0000-00-00 00:00:00,,
159,1,,4.05.11.06,71979,Kelurahan Garuda,KECAMATAN ANDIR,,,,1,0,0,2016-00-00 00:00:00,127.0.0.1,root,0000-00-00 00:00:00,,
160,1,,4.05.11.07,71979,Kelurahan Campaka,KECAMATAN ANDIR,,,,1,0,0,2016-00-00 00:00:00,127.0.0.1,root,0000-00-00 00:00:00,,
161,1,56,4.05.12.01,71982,Kecamatan Coblong,,"Jl. Sangkuriang No. 10a Bandung            ",022 - 2504467,kec.cbl[at]bandung.go.id,1,1,1,2009-00-00 00:00:00,127.0.0.1,root,0000-00-00 00:00:00,,
162,1,,4.05.12.02,71982,Kelurahan Cipaganti,KECAMATAN COBLONG,,,,1,0,0,2016-00-00 00:00:00,127.0.0.1,root,0000-00-00 00:00:00,,
163,1,,4.05.12.03,71982,Kelurahan Lebakgede,KECAMATAN COBLONG,,,,1,0,0,2016-00-00 00:00:00,127.0.0.1,root,0000-00-00 00:00:00,,
164,1,,4.05.12.04,71982,Kelurahan Sadangserang,KECAMATAN COBLONG,,,,1,0,0,2016-00-00 00:00:00,127.0.0.1,root,0000-00-00 00:00:00,,
165,1,,4.05.12.05,71982,Kelurahan Dago,KECAMATAN COBLONG,,,,1,0,0,2016-00-00 00:00:00,127.0.0.1,root,0000-00-00 00:00:00,,
166,1,,4.05.12.06,71982,Kelurahan Sekeloa,KECAMATAN COBLONG,,,,1,0,0,2016-00-00 00:00:00,127.0.0.1,root,0000-00-00 00:00:00,,
167,1,,4.05.12.07,71982,Kelurahan Lebak Siliwangi,KECAMATAN COBLONG,,,,1,0,0,2016-00-00 00:00:00,127.0.0.1,root,0000-00-00 00:00:00,,
168,1,57,4.05.13.01,71975,Kecamatan Bandung Wetan,,Jl. Taman Sari No.49 Bandung,022-2507166,kec.bantan[at]bandung.go.id,1,1,1,2009-00-00 00:00:00,127.0.0.1,root,0000-00-00 00:00:00,,
169,1,,4.05.13.02,71975,Kelurahan Cihapit,KECAMATAN BANDUNG WETAN,,,,1,0,0,2016-00-00 00:00:00,127.0.0.1,root,0000-00-00 00:00:00,,
170,1,,4.05.13.03,71975,Kelurahan Taman Sari,KECAMATAN BANDUNG WETAN,,,,1,0,0,2016-00-00 00:00:00,127.0.0.1,root,0000-00-00 00:00:00,,
171,1,,4.05.13.04,71975,Kelurahan Citarum,KECAMATAN BANDUNG WETAN,,,,1,0,0,2016-00-00 00:00:00,127.0.0.1,root,0000-00-00 00:00:00,,
172,1,58,4.05.14.01,71630,Kecamatan Sumur Bandung,,Jl. Lombok No.6 Bandung,022 - 4205668,kec.surban[at]bandung.go.id,1,1,1,2009-00-00 00:00:00,127.0.0.1,root,0000-00-00 00:00:00,,
173,1,,4.05.14.02,71630,Kelurahan Braga,KECAMATAN SUMUR BANDUNG,Jl. Pecinan lama No. 13,,,1,0,0,2016-00-00 00:00:00,127.0.0.1,root,0000-00-00 00:00:00,,
174,1,,4.05.14.03,71630,Kelurahan Merdeka,KECAMATAN SUMUR BANDUNG,Jl. Patrakomala No. 36a,,,1,0,0,2016-00-00 00:00:00,127.0.0.1,root,0000-00-00 00:00:00,,
175,1,,4.05.14.04,71630,Kelurahan Kebon Pisang,KECAMATAN SUMUR BANDUNG,Jl. Baranangsiang No. 71,,,1,0,0,2016-00-00 00:00:00,127.0.0.1,root,0000-00-00 00:00:00,,
176,1,,4.05.14.05,71630,Kelurahan Babakan Ciamis,KECAMATAN SUMUR BANDUNG,Jl. Kebon Sirih No. 2a,,,1,0,0,2016-00-00 00:00:00,127.0.0.1,root,0000-00-00 00:00:00,,
177,1,60,4.05.15.01,71662,Kecamatan Cibeunying Kidul,,Jl. Sukasenang No.11 Bandung      ,022 - 7271665,kec.cibkid[at]bandung.go.id  ,1,1,1,2009-00-00 00:00:00,127.0.0.1,root,0000-00-00 00:00:00,,
178,1,,4.05.15.02,71662,Kelurahan Padasuka,KECAMATAN CIBEUNYING KIDUL,Jl. Padasuka No. 9 40192,022 7213551,,1,0,0,2016-00-00 00:00:00,127.0.0.1,root,0000-00-00 00:00:00,,
179,1,,4.05.15.03,71662,Kelurahan Cikutra,KECAMATAN CIBEUNYING KIDUL,,,,1,0,0,2016-00-00 00:00:00,127.0.0.1,root,0000-00-00 00:00:00,,
180,1,,4.05.15.04,71662,Kelurahan Cicadas,KECAMATAN CIBEUNYING KIDUL,,,,1,0,0,2016-00-00 00:00:00,127.0.0.1,root,0000-00-00 00:00:00,,
181,1,,4.05.15.05,71662,Kelurahan Sukamaju,KECAMATAN CIBEUNYING KIDUL,,,,1,0,0,2016-00-00 00:00:00,127.0.0.1,root,0000-00-00 00:00:00,,
182,1,,4.05.15.06,71662,Kelurahan Sukapada,KECAMATAN CIBEUNYING KIDUL,,,,1,0,0,2016-00-00 00:00:00,127.0.0.1,root,0000-00-00 00:00:00,,
183,1,,4.05.15.07,71662,Kelurahan Pasirlayung,KECAMATAN CIBEUNYING KIDUL,Jl. Padasuka No. 146 40192,022 7210971,,1,0,0,2016-00-00 00:00:00,127.0.0.1,root,0000-00-00 00:00:00,,
184,1,59,4.05.16.01,71636,Kecamatan Cibeunying Kaler,,Jalan Raya Cigadung Selatan Nomor 100 C Bandung,(022) 2500961,kec.cibkal[at]bandung.go.id,1,1,1,2009-00-00 00:00:00,127.0.0.1,root,0000-00-00 00:00:00,,
185,1,,4.05.16.02,71636,Kelurahan Cihaur Geulis,KECAMATAN CIBEUNYING KALER,Jln.Surapati No.126 blk. SENTRA KAOS SUCI BANDUNG,,,1,0,0,2016-00-00 00:00:00,127.0.0.1,root,0000-00-00 00:00:00,,
186,1,,4.05.16.03,71636,Kelurahan Sukaluyu,KECAMATAN CIBEUNYING KALER,,,,1,0,0,2016-00-00 00:00:00,127.0.0.1,root,0000-00-00 00:00:00,,
187,1,,4.05.16.04,71636,Kelurahan Neglasari,KECAMATAN CIBEUNYING KALER,,,,1,0,0,2016-00-00 00:00:00,127.0.0.1,root,0000-00-00 00:00:00,,
188,1,,4.05.16.05,71636,Kelurahan Cigadung,KECAMATAN CIBEUNYING KALER,,,,1,0,0,2016-00-00 00:00:00,127.0.0.1,root,0000-00-00 00:00:00,,
189,1,61,4.05.17.01,71974,Kecamatan Astanaanyar,,Jl. Bojongloa No.69 Bandung ,022 - 5200419,kec.anyar[at]bandung.go.id  ,1,1,1,2009-00-00 00:00:00,127.0.0.1,root,0000-00-00 00:00:00,,
190,1,,4.05.17.02,71974,Kelurahan Karasak,KECAMATAN ASTANAANYAR,,,,1,0,0,2016-00-00 00:00:00,127.0.0.1,root,0000-00-00 00:00:00,,
191,1,,4.05.17.03,71974,Kelurahan Nyengseret,KECAMATAN ASTANAANYAR,,,,1,0,0,2016-00-00 00:00:00,127.0.0.1,root,0000-00-00 00:00:00,,
192,1,,4.05.17.04,71974,Kelurahan Karanganyar,KECAMATAN ASTANAANYAR,,,,1,0,0,2016-00-00 00:00:00,127.0.0.1,root,0000-00-00 00:00:00,,
193,1,,4.05.17.05,71974,Kelurahan Panjunan,KECAMATAN ASTANAANYAR,,,,1,0,0,2016-00-00 00:00:00,127.0.0.1,root,0000-00-00 00:00:00,,
194,1,,4.05.17.06,71974,Kelurahan Cibadak,KECAMATAN ASTANAANYAR,,,,1,0,0,2016-00-00 00:00:00,127.0.0.1,root,0000-00-00 00:00:00,,
195,1,,4.05.17.07,71974,Kelurahan Pelindung Hewan,KECAMATAN ASTANAANYAR,,,,1,0,0,2016-00-00 00:00:00,127.0.0.1,root,0000-00-00 00:00:00,,
196,1,62,4.05.18.01,71980,Kecamatan Bojongloa Kaler,,Jl. KH. Wahid Hasyim No. 258 Bandung ,(022) 6011418,kec.bojkal[at]bandung.go.id  ,1,1,1,2009-00-00 00:00:00,127.0.0.1,root,0000-00-00 00:00:00,,
197,1,,4.05.18.02,71980,Kelurahan Kopo,KECAMATAN BOJONGLOA KALER,,,,1,0,0,2016-00-00 00:00:00,127.0.0.1,root,0000-00-00 00:00:00,,
198,1,,4.05.18.03,71980,Kelurahan Babakan Tarogong,KECAMATAN BOJONGLOA KALER,,,,1,0,0,2016-00-00 00:00:00,127.0.0.1,root,0000-00-00 00:00:00,,
199,1,,4.05.18.04,71980,Kelurahan Jamika,KECAMATAN BOJONGLOA KALER,,,,1,0,0,2016-00-00 00:00:00,127.0.0.1,root,0000-00-00 00:00:00,,
200,1,,4.05.18.05,71980,Kelurahan Babakan Asih,KECAMATAN BOJONGLOA KALER,,,,1,0,0,2016-00-00 00:00:00,127.0.0.1,root,0000-00-00 00:00:00,,
201,1,,4.05.18.06,71980,Kelurahan Suka Asih,KECAMATAN BOJONGLOA KALER,,,,1,0,0,2016-00-00 00:00:00,127.0.0.1,root,0000-00-00 00:00:00,,
202,1,64,4.05.19.01,71641,Kecamatan Bojongloa Kidul,,Jl. Leuwi Panjang / Kebon Lega Bandung,022 - 5206478,kec.bojkid[at]bandung.go.id,1,1,1,2009-00-00 00:00:00,127.0.0.1,root,0000-00-00 00:00:00,,
203,1,,4.05.19.02,71641,Kelurahan Situsaeur,KECAMATAN BOJONGLOA KIDUL,,,,1,0,0,2016-00-00 00:00:00,127.0.0.1,root,0000-00-00 00:00:00,,
204,1,,4.05.19.03,71641,Kelurahan Kebon Lega,KECAMATAN BOJONGLOA KIDUL,,,,1,0,0,2016-00-00 00:00:00,127.0.0.1,root,0000-00-00 00:00:00,,
205,1,,4.05.19.04,71641,Kelurahan Cibaduyut,KECAMATAN BOJONGLOA KIDUL,,,,1,0,0,2016-00-00 00:00:00,127.0.0.1,root,0000-00-00 00:00:00,,
206,1,,4.05.19.05,71641,Kelurahan Mekarwangi,KECAMATAN BOJONGLOA KIDUL,,,,1,0,0,2016-00-00 00:00:00,127.0.0.1,root,0000-00-00 00:00:00,,
207,1,,4.05.19.06,71641,Kelurahan Cibaduyut Kidul,KECAMATAN BOJONGLOA KIDUL,,,,1,0,0,2016-00-00 00:00:00,127.0.0.1,root,0000-00-00 00:00:00,,
208,1,,4.05.19.07,71641,Kelurahan Cibaduyut Wetan,KECAMATAN BOJONGLOA KIDUL,,,,1,0,0,2016-00-00 00:00:00,127.0.0.1,root,0000-00-00 00:00:00,,
209,1,63,4.05.20.01,71981,Kecamatan Babakan Ciparay,,Jl. Babakan Ciparay No. 212 Bandung,022 - 6015723,kec.bacip[at]bandung.go.id ,1,1,1,2009-00-00 00:00:00,127.0.0.1,root,0000-00-00 00:00:00,,
210,1,,4.05.20.02,71981,Kelurahan Babakan Ciparay,KECAMATAN BABAKAN CIPARAY,,,,1,0,0,2016-00-00 00:00:00,127.0.0.1,root,0000-00-00 00:00:00,,
211,1,,4.05.20.03,71981,Kelurahan Babakan,KECAMATAN BABAKAN CIPARAY,,,,1,0,0,2016-00-00 00:00:00,127.0.0.1,root,0000-00-00 00:00:00,,
212,1,,4.05.20.04,71981,Kelurahan Sukahaji,KECAMATAN BABAKAN CIPARAY,,,,1,0,0,2016-00-00 00:00:00,127.0.0.1,root,0000-00-00 00:00:00,,
213,1,,4.05.20.05,71981,Kelurahan Margahayu Utara,KECAMATAN BABAKAN CIPARAY,,,,1,0,0,2016-00-00 00:00:00,127.0.0.1,root,0000-00-00 00:00:00,,
214,1,,4.05.20.06,71981,Kelurahan Margasuka,KECAMATAN BABAKAN CIPARAY,,,,1,0,0,2016-00-00 00:00:00,127.0.0.1,root,0000-00-00 00:00:00,,
215,1,,4.05.20.07,71981,Kelurahan Cirangrang,KECAMATAN BABAKAN CIPARAY,,,,1,0,0,2016-00-00 00:00:00,127.0.0.1,root,0000-00-00 00:00:00,,
216,1,65,4.05.21.01,71653,Kecamatan Bandung Kulon,,Jl. Holis No.210/191 A Bandung,022 - 6015113,kec.bankul[at]bandung.go.id,1,1,1,2009-00-00 00:00:00,127.0.0.1,root,0000-00-00 00:00:00,,
217,1,,4.05.21.02,71653,Kelurahan Cijerah,KECAMATAN BANDUNG KULON,,,,1,0,0,2016-00-00 00:00:00,127.0.0.1,root,0000-00-00 00:00:00,,
218,1,,4.05.21.03,71653,Kelurahan Cibuntu,KECAMATAN BANDUNG KULON,,,,1,0,0,2016-00-00 00:00:00,127.0.0.1,root,0000-00-00 00:00:00,,
219,1,,4.05.21.04,71653,Kelurahan Warung Muncang,KECAMATAN BANDUNG KULON,,,,1,0,0,2016-00-00 00:00:00,127.0.0.1,root,0000-00-00 00:00:00,,
220,1,,4.05.21.05,71653,Kelurahan Caringin,KECAMATAN BANDUNG KULON,,,,1,0,0,2016-00-00 00:00:00,127.0.0.1,root,0000-00-00 00:00:00,,
221,1,,4.05.21.06,71653,Kelurahan Cigondewah Kaler,KECAMATAN BANDUNG KULON,,,,1,0,0,2016-00-00 00:00:00,127.0.0.1,root,0000-00-00 00:00:00,,
222,1,,4.05.21.07,71653,Kelurahan Gempolsari,KECAMATAN BANDUNG KULON,,,,1,0,0,2016-00-00 00:00:00,127.0.0.1,root,0000-00-00 00:00:00,,
223,1,,4.05.21.08,71653,Kelurahan Cigondewah Rahayu,KECAMATAN BANDUNG KULON,,,,1,0,0,2016-00-00 00:00:00,127.0.0.1,root,0000-00-00 00:00:00,,
224,1,,4.05.21.09,71653,Kelurahan Cigondewah Kidul,KECAMATAN BANDUNG KULON,,,,1,0,0,2016-00-00 00:00:00,127.0.0.1,root,0000-00-00 00:00:00,,
225,1,66,4.05.22.01,71688,Kecamatan Regol,,Jl. Denki No. 54 Bandung,022 - 5202489,kec.rgl[at]bandung.go.id,1,1,1,2009-00-00 00:00:00,127.0.0.1,root,0000-00-00 00:00:00,,
226,1,,4.05.22.02,71688,Kelurahan Cigereleng,KECAMATAN REGOL,,,,1,0,0,2016-00-00 00:00:00,127.0.0.1,root,0000-00-00 00:00:00,,
227,1,,4.05.22.03,71688,Kelurahan Ancol,KECAMATAN REGOL,,,,1,0,0,2016-00-00 00:00:00,127.0.0.1,root,0000-00-00 00:00:00,,
228,1,,4.05.22.04,71688,Kelurahan Pungkur,KECAMATAN REGOL,,,,1,0,0,2016-00-00 00:00:00,127.0.0.1,root,0000-00-00 00:00:00,,
229,1,,4.05.22.05,71688,Kelurahan Balonggede,KECAMATAN REGOL,,,,1,0,0,2016-00-00 00:00:00,127.0.0.1,root,0000-00-00 00:00:00,,
230,1,,4.05.22.06,71688,Kelurahan Ciseureuh,KECAMATAN REGOL,,,,1,0,0,2016-00-00 00:00:00,127.0.0.1,root,0000-00-00 00:00:00,,
231,1,,4.05.22.07,71688,Kelurahan Ciateul,KECAMATAN REGOL,,,,1,0,0,2016-00-00 00:00:00,127.0.0.1,root,0000-00-00 00:00:00,,
232,1,,4.05.22.08,71688,Kelurahan Pasirluyu,KECAMATAN REGOL,,,,1,0,0,2016-00-00 00:00:00,127.0.0.1,root,0000-00-00 00:00:00,,
233,1,67,4.05.23.01,71674,Kecamatan Lengkong,,Jl. Talaga Bodas No.35 Bandung   ,022 - 7310219,kec.lkg[at]bandung.go.id   ,1,1,1,2009-00-00 00:00:00,127.0.0.1,root,0000-00-00 00:00:00,,
234,1,,4.05.23.02,71674,Kelurahan Cijagra,KECAMATAN LENGKONG,,,,1,0,0,2016-00-00 00:00:00,127.0.0.1,root,0000-00-00 00:00:00,,
235,1,,4.05.23.03,71674,Kelurahan Lingkar Selatan,KECAMATAN LENGKONG,,,,1,0,0,2016-00-00 00:00:00,127.0.0.1,root,0000-00-00 00:00:00,,
236,1,,4.05.23.04,71674,Kelurahan Burangrang,KECAMATAN LENGKONG,,,,1,0,0,2016-00-00 00:00:00,127.0.0.1,root,0000-00-00 00:00:00,,
237,1,,4.05.23.05,71674,Kelurahan Paledang,KECAMATAN LENGKONG,,,,1,0,0,2016-00-00 00:00:00,127.0.0.1,root,0000-00-00 00:00:00,,
238,1,,4.05.23.06,71674,Kelurahan Turangga,KECAMATAN LENGKONG,,,,1,0,0,2016-00-00 00:00:00,127.0.0.1,root,0000-00-00 00:00:00,,
239,1,,4.05.23.07,71674,Kelurahan Malabar,KECAMATAN LENGKONG,,,,1,0,0,2016-00-00 00:00:00,127.0.0.1,root,0000-00-00 00:00:00,,
240,1,,4.05.23.08,71674,Kelurahan Cikawao,KECAMATAN LENGKONG,,,,1,0,0,2016-00-00 00:00:00,127.0.0.1,root,0000-00-00 00:00:00,,
241,1,68,4.05.24.01,71682,Kecamatan Batununggal,,Jl. Venus No. 6 Bandung,022-7316330,kec.btng[at]bandung.go.id,1,1,1,2009-00-00 00:00:00,127.0.0.1,root,0000-00-00 00:00:00,,
242,1,,4.05.24.02,71682,Kelurahan Gumuruh,KECAMATAN BATUNUNGGAL,,,,1,0,0,2016-00-00 00:00:00,127.0.0.1,root,0000-00-00 00:00:00,,
243,1,,4.05.24.03,71682,Kelurahan Maleer,KECAMATAN BATUNUNGGAL,,,,1,0,0,2016-00-00 00:00:00,127.0.0.1,root,0000-00-00 00:00:00,,
244,1,,4.05.24.04,71682,Kelurahan Cibangkong,KECAMATAN BATUNUNGGAL,,,,1,0,0,2016-00-00 00:00:00,127.0.0.1,root,0000-00-00 00:00:00,,
245,1,,4.05.24.05,71682,Kelurahan Kacapiring,KECAMATAN BATUNUNGGAL,,,,1,0,0,2016-00-00 00:00:00,127.0.0.1,root,0000-00-00 00:00:00,,
246,1,,4.05.24.06,71682,Kelurahan Kebon Waru,KECAMATAN BATUNUNGGAL,,,,1,0,0,2016-00-00 00:00:00,127.0.0.1,root,0000-00-00 00:00:00,,
247,1,,4.05.24.07,71682,Kelurahan Kebon Gedang,KECAMATAN BATUNUNGGAL,,,,1,0,0,2016-00-00 00:00:00,127.0.0.1,root,0000-00-00 00:00:00,,
248,1,,4.05.24.08,71682,Kelurahan Samoja,KECAMATAN BATUNUNGGAL,,,,1,0,0,2016-00-00 00:00:00,127.0.0.1,root,0000-00-00 00:00:00,,
249,1,,4.05.24.09,71682,Kelurahan Binong,KECAMATAN BATUNUNGGAL,,,,1,0,0,2016-00-00 00:00:00,127.0.0.1,root,0000-00-00 00:00:00,,
250,1,74,4.05.25.01,71598,Kecamatan Ujungberung,,Jl. Alun - Alun Utara No. 211 Ujungberung Bandung,022 - 7800003,kec.uber[at]bandung.go.id    ,1,1,1,2009-00-00 00:00:00,127.0.0.1,root,0000-00-00 00:00:00,,
251,1,,4.05.25.02,71598,Kelurahan Pasir Endah,KECAMATAN UJUNG BERUNG,,,,1,0,0,2016-00-00 00:00:00,127.0.0.1,root,0000-00-00 00:00:00,,
252,1,,4.05.25.03,71598,Kelurahan Cigending,KECAMATAN UJUNG BERUNG,,,,1,0,0,2016-00-00 00:00:00,127.0.0.1,root,0000-00-00 00:00:00,,
253,1,,4.05.25.04,71598,Kelurahan Pasirwangi,KECAMATAN UJUNG BERUNG,,,,1,0,0,2016-00-00 00:00:00,127.0.0.1,root,0000-00-00 00:00:00,,
254,1,,4.05.25.05,71598,Kelurahan Pasirjati,KECAMATAN UJUNG BERUNG,,,,1,0,0,2016-00-00 00:00:00,127.0.0.1,root,0000-00-00 00:00:00,,
255,1,,4.05.25.06,71598,Kelurahan Pasangrahan,KECAMATAN UJUNG BERUNG,,,,1,0,0,2016-00-00 00:00:00,127.0.0.1,root,0000-00-00 00:00:00,,
256,1,69,4.05.26.01,71644,Kecamatan Kiaracondong,,JL. Babakan Sari No. 117 Bandung            ,022 - 7271101,kec.kircon[at]bandung.go.id  ,1,1,1,2009-00-00 00:00:00,127.0.0.1,root,0000-00-00 00:00:00,,
257,1,,4.05.26.02,71644,Kelurahan Sukapura,KECAMATAN KIARACONDONG,,,,1,0,0,2016-00-00 00:00:00,127.0.0.1,root,0000-00-00 00:00:00,,
258,1,,4.05.26.03,71644,Kelurahan Kebon Jayanti,KECAMATAN KIARACONDONG,,,,1,0,0,2016-00-00 00:00:00,127.0.0.1,root,0000-00-00 00:00:00,,
259,1,,4.05.26.04,71644,Kelurahan Babakan Surabaya,KECAMATAN KIARACONDONG,,,,1,0,0,2016-00-00 00:00:00,127.0.0.1,root,0000-00-00 00:00:00,,
260,1,,4.05.26.05,71644,Kelurahan Cicaheum,KECAMATAN KIARACONDONG,,,,1,0,0,2016-00-00 00:00:00,127.0.0.1,root,0000-00-00 00:00:00,,
261,1,,4.05.26.06,71644,Kelurahan Babakansari,KECAMATAN KIARACONDONG,,,,1,0,0,2016-00-00 00:00:00,127.0.0.1,root,0000-00-00 00:00:00,,
262,1,,4.05.26.07,71644,Kelurahan Kebon Kangkung,KECAMATAN KIARACONDONG,,,,1,0,0,2016-00-00 00:00:00,127.0.0.1,root,0000-00-00 00:00:00,,
263,1,70,4.05.27.01,71607,Kecamatan Arcamanik,,Jl. Cisaranten Kulon Bandung,022-7801583,kec.manik[at]bandung.go.id    ,1,1,1,2009-00-00 00:00:00,127.0.0.1,root,0000-00-00 00:00:00,,
264,1,,4.05.27.02,71607,Kelurahan Sukamiskin,KECAMATAN ARCAMANIK,,,,1,0,0,2016-00-00 00:00:00,127.0.0.1,root,0000-00-00 00:00:00,,
265,1,,4.05.27.03,71607,Kelurahan Cisaranten Bina Harapan,KECAMATAN ARCAMANIK,,,,1,0,0,2016-00-00 00:00:00,127.0.0.1,root,0000-00-00 00:00:00,,
266,1,,4.05.27.04,71607,Kelurahan Cisaranten Kulon,KECAMATAN ARCAMANIK,,,,1,0,0,2016-00-00 00:00:00,127.0.0.1,root,0000-00-00 00:00:00,,
267,1,,4.05.27.05,71607,Kelurahan Cisaranten Endah,KECAMATAN ARCAMANIK,,,,1,0,0,2016-00-00 00:00:00,127.0.0.1,root,0000-00-00 00:00:00,,
268,1,72,4.05.28.01,71602,Kecamatan Cibiru,,Jl. Manisi No.13 Bandung,022 - 7801582,kec.cbu[at]bandung.go.id,1,1,1,2009-00-00 00:00:00,127.0.0.1,root,0000-00-00 00:00:00,,
269,1,,4.05.28.02,71602,Kelurahan Palasari,KECAMATAN CIBIRU,Jl. Galumpit No.1 Bandung,,,1,0,0,2016-00-00 00:00:00,127.0.0.1,root,0000-00-00 00:00:00,,
270,1,,4.05.28.03,71602,Kelurahan Cipadung,KECAMATAN CIBIRU,Jl. AH. Nasution No.73 Bandung,,,1,0,0,2016-00-00 00:00:00,127.0.0.1,root,0000-00-00 00:00:00,,
271,1,,4.05.28.04,71602,Kelurahan Pasirbiru,KECAMATAN CIBIRU,Jl. AH. Nasution No.47 A  Bandung,,,1,0,0,2016-00-00 00:00:00,127.0.0.1,root,0000-00-00 00:00:00,,
272,1,,4.05.28.05,71602,Kelurahan Cisurupan,KECAMATAN CIBIRU,Jl. Cilengkrang I No.130 Bandung,,,1,0,0,2016-00-00 00:00:00,127.0.0.1,root,0000-00-00 00:00:00,,
273,1,73,4.05.29.01,71625,Kecamatan Antapani,,Jl. A H Nasution No. 14 Bandung,022 - 7271129,kec.atp[at]bandung.go.id,1,1,1,2009-00-00 00:00:00,127.0.0.1,root,0000-00-00 00:00:00,,
274,1,,4.05.29.02,71625,Kelurahan Antapani Kulon,KECAMATAN ANTAPANI,,,,1,0,0,2016-00-00 00:00:00,127.0.0.1,root,0000-00-00 00:00:00,,
275,1,,4.05.29.03,71625,Kelurahan Antapani Wetan,KECAMATAN ANTAPANI,,,,1,0,0,2016-00-00 00:00:00,127.0.0.1,root,0000-00-00 00:00:00,,
276,1,,4.05.29.04,71625,Kelurahan Antapani Tengah,KECAMATAN ANTAPANI,,,,1,0,0,2016-00-00 00:00:00,127.0.0.1,root,0000-00-00 00:00:00,,
277,1,,4.05.29.05,71625,Kelurahan Antapani Kidul,KECAMATAN ANTAPANI,,,,1,0,0,2016-00-00 00:00:00,127.0.0.1,root,0000-00-00 00:00:00,,
278,1,75,4.05.30.01,71610,Kecamatan Rancasari,,JL. Santosa Asih No.17 Bandung,022 - 7562918,kec.rcs[at]bandung.go.id,1,1,1,2009-00-00 00:00:00,127.0.0.1,root,0000-00-00 00:00:00,,
279,1,,4.05.30.02,71610,Kelurahan Cipamokolan,KECAMATAN RANCASARI,,,,1,0,0,2016-00-00 00:00:00,127.0.0.1,root,0000-00-00 00:00:00,,
280,1,,4.05.30.03,71610,Kelurahan Derwati,KECAMATAN RANCASARI,,,,1,0,0,2016-00-00 00:00:00,127.0.0.1,root,0000-00-00 00:00:00,,
281,1,,4.05.30.04,71610,Kelurahan Manjahlega,KECAMATAN RANCASARI,,,,1,0,0,2016-00-00 00:00:00,127.0.0.1,root,0000-00-00 00:00:00,,
282,1,,4.05.30.05,71610,Kelurahan Mekarjaya,KECAMATAN RANCASARI,,,,1,0,0,2016-00-00 00:00:00,127.0.0.1,root,0000-00-00 00:00:00,,
283,1,76,4.05.31.01,71614,Kecamatan Buahbatu,,Jl. Ciwastra no. 291 Bandung,022-7561945,kec.bubat[at]bandung.go.id ,1,1,1,2009-00-00 00:00:00,127.0.0.1,root,0000-00-00 00:00:00,,
284,1,,4.05.31.02,71614,Kelurahan Sekejati,KECAMATAN BUAHBATU,,,,1,0,0,2016-00-00 00:00:00,127.0.0.1,root,0000-00-00 00:00:00,,
285,1,,4.05.31.03,71614,Kelurahan Margasari,KECAMATAN BUAHBATU,,,,1,0,0,2016-00-00 00:00:00,127.0.0.1,root,0000-00-00 00:00:00,,
286,1,,4.05.31.04,71614,Kelurahan Cijawura,KECAMATAN BUAHBATU,,,,1,0,0,2016-00-00 00:00:00,127.0.0.1,root,0000-00-00 00:00:00,,
287,1,,4.05.31.05,71614,Kelurahan Jatisari,KECAMATAN BUAHBATU,,,,1,0,0,2016-00-00 00:00:00,127.0.0.1,root,0000-00-00 00:00:00,,
288,1,71,4.05.32.01,71687,Kecamatan Bandung Kidul,,Jl. Batununggal No.3 Bandung,022 - 7531377,kec.bankid[at]bandung.go.id,1,1,1,2009-00-00 00:00:00,127.0.0.1,root,0000-00-00 00:00:00,,
289,1,,4.05.32.02,71687,Kelurahan Batununggal,KECAMATAN BANDUNG KIDUL,,,,1,0,0,2016-00-00 00:00:00,127.0.0.1,root,0000-00-00 00:00:00,,
290,1,,4.05.32.03,71687,Kelurahan Wates,KECAMATAN BANDUNG KIDUL,,,,1,0,0,2016-00-00 00:00:00,127.0.0.1,root,0000-00-00 00:00:00,,
291,1,,4.05.32.04,71687,Kelurahan Mengger,KECAMATAN BANDUNG KIDUL,,,,1,0,0,2016-00-00 00:00:00,127.0.0.1,root,0000-00-00 00:00:00,,
292,1,,4.05.32.05,71687,Kelurahan Kujangsari,KECAMATAN BANDUNG KIDUL,,,,1,0,0,2016-00-00 00:00:00,127.0.0.1,root,0000-00-00 00:00:00,,
293,1,77,4.05.33.01,71596,Kecamatan Gedebage,,Jl. Gedebage Selatan No. 292 Bandung,,kecgedebage@yahoo.com,1,1,1,2009-00-00 00:00:00,127.0.0.1,root,0000-00-00 00:00:00,,
294,1,,4.05.33.02,71596,Kelurahan Cimincrang,KECAMATAN GEDEBAGE,,,,1,0,0,2016-00-00 00:00:00,127.0.0.1,root,0000-00-00 00:00:00,,
295,1,,4.05.33.03,71596,Kelurahan Cisaranten Kidul,KECAMATAN GEDEBAGE,,,,1,0,0,2016-00-00 00:00:00,127.0.0.1,root,0000-00-00 00:00:00,,
296,1,,4.05.33.04,71596,Kelurahan Rancabolang,KECAMATAN GEDEBAGE,,,,1,0,0,2016-00-00 00:00:00,127.0.0.1,root,0000-00-00 00:00:00,,
297,1,,4.05.33.05,71596,Kelurahan Rancanumpang,KECAMATAN GEDEBAGE,,,,1,0,0,2016-00-00 00:00:00,127.0.0.1,root,0000-00-00 00:00:00,,
298,1,78,4.05.34.01,71591,Kecamatan Panyileukan,,"Jl. Soekarno Hatta KM 12,5 Bandung",(022) 7812727,kec.pnylk[at]bandung.go.id  ,1,1,1,2009-00-00 00:00:00,127.0.0.1,root,0000-00-00 00:00:00,,
299,1,,4.05.34.02,71591,Kelurahan Cipadung Kulon,KECAMATAN PANYILEUKAN,,,,1,0,0,2016-00-00 00:00:00,127.0.0.1,root,0000-00-00 00:00:00,,
300,1,,4.05.34.03,71591,Kelurahan Cipadung Wetan,KECAMATAN PANYILEUKAN,,,,1,0,0,2016-00-00 00:00:00,127.0.0.1,root,0000-00-00 00:00:00,,
301,1,,4.05.34.04,71591,Kelurahan Cipadung Kidul,KECAMATAN PANYILEUKAN,,,,1,0,0,2016-00-00 00:00:00,127.0.0.1,root,0000-00-00 00:00:00,,
302,1,,4.05.34.05,71591,Kelurahan Mekarmulya,KECAMATAN PANYILEUKAN,,,,1,0,0,2016-00-00 00:00:00,127.0.0.1,root,0000-00-00 00:00:00,,
303,1,79,4.05.35.01,71585,Kecamatan Cinambo,,Jl.Jendral A.H. Nasution No. 82 Bandung,022 - 7815274,kec.cnb[at]bandung.go.id,1,1,1,2009-00-00 00:00:00,127.0.0.1,root,0000-00-00 00:00:00,,
304,1,,4.05.35.02,71585,Kelurahan Pakemitan,KECAMATAN CINAMBO,,,,1,0,0,2016-00-00 00:00:00,127.0.0.1,root,0000-00-00 00:00:00,,
305,1,,4.05.35.03,71585,Kelurahan Sukamulya,KECAMATAN CINAMBO,,,,1,0,0,2016-00-00 00:00:00,127.0.0.1,root,0000-00-00 00:00:00,,
306,1,,4.05.35.04,71585,Kelurahan Cisaranten Wetan,KECAMATAN CINAMBO,,,,1,0,0,2016-00-00 00:00:00,127.0.0.1,root,0000-00-00 00:00:00,,
307,1,,4.05.35.05,71585,Kelurahan Babakan Penghulu,KECAMATAN CINAMBO,,,,1,0,0,2016-00-00 00:00:00,127.0.0.1,root,0000-00-00 00:00:00,,
308,1,80,4.05.36.01,71580,Kecamatan Mandalajati,,Kecamatan Mandalajati Bandung,-,kec.mdljt[at]bandung.go.id,1,1,1,2009-00-00 00:00:00,127.0.0.1,root,0000-00-00 00:00:00,,
309,1,,4.05.36.02,71580,Kelurahan Jatihandap,KECAMATAN MANDALAJATI,,,,1,0,0,2016-00-00 00:00:00,127.0.0.1,root,0000-00-00 00:00:00,,
310,1,,4.05.36.03,71580,Kelurahan Karangpamulang,KECAMATAN MANDALAJATI,,,,1,0,0,2016-00-00 00:00:00,127.0.0.1,root,0000-00-00 00:00:00,,
311,1,,4.05.36.04,71580,Kelurahan Pasir Impun,KECAMATAN MANDALAJATI,,,,1,0,0,2016-00-00 00:00:00,127.0.0.1,root,0000-00-00 00:00:00,,
312,1,,4.05.36.05,71580,Kelurahan Sindang Jaya,KECAMATAN MANDALAJATI,,,,1,0,0,2016-00-00 00:00:00,127.0.0.1,root,0000-00-00 00:00:00,,
313,1,,2.17.01.01,102456,Dinas Perpustakaan Dan Kearsipan,,Jl. Seram No. 2 Bandung,022 - 4231921,,1,1,1,0000-00-00 00:00:00,,,0000-00-00 00:00:00,,
314,1,,2.10.01.01,71988,Dinas Komunikasi dan Informatika,DISKOMINFO,Jl. Wastukancana No. 2 Bandung,022-4234892,diskominfo@bandung.go.id,1,1,1,0000-00-00 00:00:00,,,0000-00-00 00:00:00,,
315,1,,2.03.01.01,102478,Dinas Pangan Dan Pertanian,,Jl. Arjuna No. 45 Bandung,,,1,1,1,0000-00-00 00:00:00,,,0000-00-00 00:00:00,,
316,1,,2.16.01.01,71987,Dinas Kebudayaan Dan Pariwisata,,Jl. Ahmad Yani No. 277 Bandung,022-7271724,bep_bdg@yahoo.com,1,1,1,0000-00-00 00:00:00,,,0000-00-00 00:00:00,,
317,1,,1.01.01.05,72006,Bidang PPSMP,,,,,1,0,0,0000-00-00 00:00:00,,,0000-00-00 00:00:00,,
318,1,,1.02.01.32,72005,UPT Pelayanan Kesehatan Mobilitas,DINAS KESEHATAN,,,,1,0,0,0000-00-00 00:00:00,,,0000-00-00 00:00:00,,
319,1,,1.02.01.33,72005,UPT Pelayanan Laboratorium Kesehatan,DINAS KESEHATAN,,,,1,0,0,0000-00-00 00:00:00,,,0000-00-00 00:00:00,,
320,1,,1.03.01.02,102517,Sekretariat,DINAS PEKERJAAN UMUM,Jl. Cianjur No. 34 Bandung,,,1,1,1,0000-00-00 00:00:00,,,0000-00-00 00:00:00,,
321,1,,1.03.01.03,102517,Bidang Perencanaan,DINAS PEKERJAAN UMUM,Jl. Cianjur No. 34 Bandung,,,1,0,0,0000-00-00 00:00:00,,,0000-00-00 00:00:00,,
322,1,,1.03.01.04,102517,Bidang Pemeliharaan dan Pengendalian,DINAS PEKERJAAN UMUM,Jl. Cianjur No. 34 Bandung,,,1,0,0,0000-00-00 00:00:00,,,0000-00-00 00:00:00,,
323,1,,1.03.01.05,102517,Bidang Pembangunan dan Pengendalian,DINAS PEKERJAAN UMUM,Jl. Cianjur No. 34 Bandung,,,1,0,0,0000-00-00 00:00:00,,,0000-00-00 00:00:00,,
324,1,,1.03.01.06,102517,UPT Bojonagara,DINAS PEKERJAAN UMUM,Jl. Cianjur No. 34 Bandung,,,1,0,0,0000-00-00 00:00:00,,,0000-00-00 00:00:00,,
325,1,,1.03.01.07,102517,UPT Cibeunying,DINAS PEKERJAAN UMUM,Jl. Cianjur No. 34 Bandung,,,1,0,0,0000-00-00 00:00:00,,,0000-00-00 00:00:00,,
326,1,,1.03.01.08,102517,UPT Tegallega,DINAS PEKERJAAN UMUM,Jl. Cianjur No. 34 Bandung,,,1,0,0,0000-00-00 00:00:00,,,0000-00-00 00:00:00,,
327,1,,1.03.01.09,102517,UPT Karees,DINAS PEKERJAAN UMUM,Jl. Cianjur No. 34 Bandung,,,1,0,0,0000-00-00 00:00:00,,,0000-00-00 00:00:00,,
328,1,,1.03.01.10,102517,UPT Ujungberung,DINAS PEKERJAAN UMUM,Jl. Cianjur No. 34 Bandung,,,1,0,0,0000-00-00 00:00:00,,,0000-00-00 00:00:00,,
329,1,,1.03.01.11,102517,UPT Gedebage,DINAS PEKERJAAN UMUM,Jl. Cianjur No. 34 Bandung,,,1,0,0,0000-00-00 00:00:00,,,0000-00-00 00:00:00,,
330,1,,1.03.01.12,102517,UPT Produksi Campuran Aspal,DINAS PEKERJAAN UMUM,Jl. Cianjur No. 34 Bandung,,,1,0,0,0000-00-00 00:00:00,,,0000-00-00 00:00:00,,
331,1,,1.03.01.13,102517,UPT Pengujian Bahan dan Konstruksi,DINAS PEKERJAAN UMUM,Jl. Cianjur No. 34 Bandung,,,1,0,0,0000-00-00 00:00:00,,,0000-00-00 00:00:00,,
332,1,,1.03.01.14,102517,UPT Daerah Aliran Sungai,DINAS PEKERJAAN UMUM,Jl. Cianjur No. 34 Bandung,,,1,0,0,0000-00-00 00:00:00,,,0000-00-00 00:00:00,,
333,1,,1.03.01.15,102517,UPT Alat Berat,DINAS PEKERJAAN UMUM,Jl. Cianjur No. 34 Bandung,,,1,0,0,0000-00-00 00:00:00,,,0000-00-00 00:00:00,,
334,1,,4.02.01.02,102507,Sekretariat,Badan Pengelolaan Keuangan Dan Aset,Jl. Wastukancana No. 2 Bandung,,,1,1,1,0000-00-00 00:00:00,,,0000-00-00 00:00:00,,
335,1,,4.02.01.03,102507,Bidang Anggaran,Badan Pengelolaan Keuangan Dan Aset,Jl. Wastukancana No. 2 Bandung,,,0,0,0,0000-00-00 00:00:00,,,0000-00-00 00:00:00,,
336,1,,4.02.01.04,102507,Bidang Perbendaharaan,Badan Pengelolaan Keuangan Dan Aset,Jl. Wastukancana No. 2 Bandung,,,0,0,0,0000-00-00 00:00:00,,,0000-00-00 00:00:00,,
337,1,,4.02.01.05,102507,Bidang Akuntansi,Badan Pengelolaan Keuangan Dan Aset,Jl. Wastukancana No. 2 Bandung,,,0,0,0,0000-00-00 00:00:00,,,0000-00-00 00:00:00,,
338,1,,4.02.01.06,102507,Bidang Pemberdayaan Aset,Badan Pengelolaan Keuangan Dan Aset,Jl. Wastukancana No. 2 Bandung,,,0,0,0,0000-00-00 00:00:00,,,0000-00-00 00:00:00,,
339,1,,4.02.01.09,102507,Dinas Pengelolaan Keuangan dan Aset Daerah (Selaku PPBD),Badan Pengelolaan Keuangan Dan Aset,Jl. Wastukancana No. 2 Bandung,,,0,0,0,0000-00-00 00:00:00,,,0000-00-00 00:00:00,,
340,1,,4.05.04.02,72044,Bagian Umum,SEKRETARIAT DPRD,Jl. Sukabumi No. 30 Bandung                   ,022 - 4203456,bep_bdg@yahoo.com,1,1,1,0000-00-00 00:00:00,,,0000-00-00 00:00:00,,
341,1,,4.05.04.03,72044,Bagian Rapat Risalah dan Dokumentasi Perundang-undangan,SEKRETARIAT DPRD,Jl. Sukabumi No. 30 Bandung                   ,,,0,0,0,0000-00-00 00:00:00,,,0000-00-00 00:00:00,,
342,1,,4.05.04.04,72044,Bagian Hubungan Masyarakat dan Protokol,SEKRETARIAT DPRD,Jl. Sukabumi No. 30 Bandung                   ,,,0,0,0,0000-00-00 00:00:00,,,0000-00-00 00:00:00,,
343,1,,4.05.04.05,72044,Bagian Keuangan,SEKRETARIAT DPRD,Jl. Sukabumi No. 30 Bandung                   ,,,0,0,0,0000-00-00 00:00:00,,,0000-00-00 00:00:00,,
344,1,,1.04.01.02,102472,Sekretariat,DPKP3,Jl. Caringin No. 103 Bandung,022 - 5410403,taman@gmail.com,1,0,0,0000-00-00 00:00:00,,,0000-00-00 00:00:00,,
345,1,,1.04.01.03,102472,Bidang Kawasan Permukiman,DPKP3,Jl. Caringin No. 103 Bandung,022 - 5410403,taman@gmail.com,1,0,0,0000-00-00 00:00:00,,,0000-00-00 00:00:00,,
346,1,,1.04.01.04,102472,Bidang Perumahan,DPKP3,Jl. Caringin No. 103 Bandung,022 - 5410403,taman@gmail.com,1,0,0,0000-00-00 00:00:00,,,0000-00-00 00:00:00,,
347,1,,1.04.01.05,102472,Bidang PSU,DPKP3,Jl. Caringin No. 103 Bandung,022 - 5410403,taman@gmail.com,1,0,0,0000-00-00 00:00:00,,,0000-00-00 00:00:00,,
348,1,,1.04.01.06,102472,Bidang Pertanahan,DPKP3,Jl. Caringin No. 103 Bandung,022 - 5410403,taman@gmail.com,1,0,0,0000-00-00 00:00:00,,,0000-00-00 00:00:00,,
349,1,,1.04.01.07,102472,Bidang Pertamanan,DPKP3,Jl. Caringin No. 103 Bandung,022 - 5410403,taman@gmail.com,1,0,0,0000-00-00 00:00:00,,,0000-00-00 00:00:00,,